{
    "return": -117.82414871545531,
    "alpha loss": -0.0027748453430831432,
    "_runtime": 1055.346553076,
    "episode": 500,
    "v loss": 2.2901761531829834,
    "actor loss": 25.95612335205078,
    "q loss": 5.385786056518555,
    "_wandb": {
        "runtime": 1056
    },
    "_timestamp": 1747662444.4429662,
    "_step": 100499,
    "step": 100000
}