{
	"discount-factor":	0.98,
	"lr" :	0.0006344571440300171,
	"tau":	0.002244255539895659
}