{
  "step": 1000000,
  "actor loss": -275.02337646484375,
  "q loss": 408.07696533203125,
  "v loss": 4.430000305175781,
  "alpha loss": 0.004746448248624802,
  "_timestamp": 1747713277.8626397,
  "_runtime": 19245.50550055504,
  "_step": 1000999,
  "episode": 1000,
  "return": 7490.537058457859,
  "_wandb": {
    "runtime": 19248
  }
}